/*
MySQL Backup
Source Server Version: 5.6.28
Source Database: mudong_blog
Date: 2016/2/24 11:55:50
*/

SET FOREIGN_KEY_CHECKS=0;

-- ----------------------------
--  Table structure for `auth_group`
-- ----------------------------
DROP TABLE IF EXISTS `auth_group`;
CREATE TABLE `auth_group` (
  `id` int(11) NOT NULL AUTO_INCREMENT,
  `name` varchar(80) NOT NULL,
  PRIMARY KEY (`id`),
  UNIQUE KEY `name` (`name`)
) ENGINE=InnoDB DEFAULT CHARSET=utf8;

-- ----------------------------
--  Table structure for `auth_group_copy`
-- ----------------------------
DROP TABLE IF EXISTS `auth_group_copy`;
CREATE TABLE `auth_group_copy` (
  `id` int(11) NOT NULL AUTO_INCREMENT,
  `name` varchar(80) NOT NULL,
  PRIMARY KEY (`id`),
  UNIQUE KEY `name` (`name`)
) ENGINE=InnoDB DEFAULT CHARSET=utf8;

-- ----------------------------
--  Table structure for `auth_group_copy1`
-- ----------------------------
DROP TABLE IF EXISTS `auth_group_copy1`;
CREATE TABLE `auth_group_copy1` (
  `id` int(11) NOT NULL AUTO_INCREMENT,
  `name` varchar(80) NOT NULL,
  PRIMARY KEY (`id`),
  UNIQUE KEY `name` (`name`)
) ENGINE=InnoDB DEFAULT CHARSET=utf8;

-- ----------------------------
--  Table structure for `auth_group_permissions`
-- ----------------------------
DROP TABLE IF EXISTS `auth_group_permissions`;
CREATE TABLE `auth_group_permissions` (
  `id` int(11) NOT NULL AUTO_INCREMENT,
  `group_id` int(11) NOT NULL,
  `permission_id` int(11) NOT NULL,
  PRIMARY KEY (`id`),
  UNIQUE KEY `group_id` (`group_id`,`permission_id`),
  KEY `auth_group_permissi_permission_id_23962d04_fk_auth_permission_id` (`permission_id`),
  CONSTRAINT `auth_group_permissi_permission_id_23962d04_fk_auth_permission_id` FOREIGN KEY (`permission_id`) REFERENCES `auth_permission` (`id`),
  CONSTRAINT `auth_group_permissions_group_id_58c48ba9_fk_auth_group_id` FOREIGN KEY (`group_id`) REFERENCES `auth_group` (`id`)
) ENGINE=InnoDB DEFAULT CHARSET=utf8;

-- ----------------------------
--  Table structure for `auth_permission`
-- ----------------------------
DROP TABLE IF EXISTS `auth_permission`;
CREATE TABLE `auth_permission` (
  `id` int(11) NOT NULL AUTO_INCREMENT,
  `name` varchar(255) NOT NULL,
  `content_type_id` int(11) NOT NULL,
  `codename` varchar(100) NOT NULL,
  PRIMARY KEY (`id`),
  UNIQUE KEY `content_type_id` (`content_type_id`,`codename`),
  CONSTRAINT `auth_permissi_content_type_id_51277a81_fk_django_content_type_id` FOREIGN KEY (`content_type_id`) REFERENCES `django_content_type` (`id`)
) ENGINE=InnoDB AUTO_INCREMENT=37 DEFAULT CHARSET=utf8;

-- ----------------------------
--  Table structure for `blog_ad`
-- ----------------------------
DROP TABLE IF EXISTS `blog_ad`;
CREATE TABLE `blog_ad` (
  `id` int(11) NOT NULL AUTO_INCREMENT,
  `title` varchar(50) NOT NULL,
  `description` varchar(200) NOT NULL,
  `image_url` varchar(100) NOT NULL,
  `callback_url` varchar(200) DEFAULT NULL,
  `date_publish` datetime(6) NOT NULL,
  `index` int(11) NOT NULL,
  PRIMARY KEY (`id`)
) ENGINE=InnoDB DEFAULT CHARSET=utf8;

-- ----------------------------
--  Table structure for `blog_ad_copy`
-- ----------------------------
DROP TABLE IF EXISTS `blog_ad_copy`;
CREATE TABLE `blog_ad_copy` (
  `id` int(11) NOT NULL AUTO_INCREMENT,
  `title` varchar(50) NOT NULL,
  `description` varchar(200) NOT NULL,
  `image_url` varchar(100) NOT NULL,
  `callback_url` varchar(200) DEFAULT NULL,
  `date_publish` datetime(6) NOT NULL,
  `index` int(11) NOT NULL,
  PRIMARY KEY (`id`)
) ENGINE=InnoDB DEFAULT CHARSET=utf8;

-- ----------------------------
--  Table structure for `blog_article`
-- ----------------------------
DROP TABLE IF EXISTS `blog_article`;
CREATE TABLE `blog_article` (
  `id` int(11) NOT NULL AUTO_INCREMENT,
  `title` varchar(200) NOT NULL,
  `desc` varchar(500) DEFAULT NULL,
  `content` longtext NOT NULL,
  `url` varchar(200) DEFAULT NULL,
  `portal` varchar(1000),
  `click_count` int(11) NOT NULL,
  `like_count` int(11) NOT NULL,
  `is_recommed` tinyint(1) NOT NULL,
  `date_publish` datetime(6),
  `category_id` int(11),
  `user_id` int(11) NOT NULL,
  PRIMARY KEY (`id`),
  KEY `blog_article_b583a629` (`category_id`),
  KEY `blog_article_e8701ad4` (`user_id`),
  CONSTRAINT `blog_article_category_id_1edad293_fk_blog_category_id` FOREIGN KEY (`category_id`) REFERENCES `blog_category` (`id`),
  CONSTRAINT `blog_article_user_id_60c35d4c_fk_blog_user_id` FOREIGN KEY (`user_id`) REFERENCES `blog_user` (`id`)
) ENGINE=InnoDB AUTO_INCREMENT=13 DEFAULT CHARSET=utf8;

-- ----------------------------
--  Table structure for `blog_article_tag`
-- ----------------------------
DROP TABLE IF EXISTS `blog_article_tag`;
CREATE TABLE `blog_article_tag` (
  `id` int(11) NOT NULL AUTO_INCREMENT,
  `article_id` int(11) NOT NULL,
  `tag_id` int(11) NOT NULL,
  PRIMARY KEY (`id`),
  UNIQUE KEY `article_id` (`article_id`,`tag_id`),
  KEY `blog_article_tag_tag_id_7f711bf5_fk_blog_tag_id` (`tag_id`),
  CONSTRAINT `blog_article_tag_article_id_4cf54675_fk_blog_article_id` FOREIGN KEY (`article_id`) REFERENCES `blog_article` (`id`),
  CONSTRAINT `blog_article_tag_tag_id_7f711bf5_fk_blog_tag_id` FOREIGN KEY (`tag_id`) REFERENCES `blog_tag` (`id`)
) ENGINE=InnoDB AUTO_INCREMENT=69 DEFAULT CHARSET=utf8;

-- ----------------------------
--  Table structure for `blog_category`
-- ----------------------------
DROP TABLE IF EXISTS `blog_category`;
CREATE TABLE `blog_category` (
  `id` int(11) NOT NULL AUTO_INCREMENT,
  `name` varchar(30) NOT NULL,
  `index` int(11) NOT NULL,
  PRIMARY KEY (`id`)
) ENGINE=InnoDB AUTO_INCREMENT=7 DEFAULT CHARSET=utf8;

-- ----------------------------
--  Table structure for `blog_comment`
-- ----------------------------
DROP TABLE IF EXISTS `blog_comment`;
CREATE TABLE `blog_comment` (
  `id` int(11) NOT NULL AUTO_INCREMENT,
  `content` longtext NOT NULL,
  `username` varchar(30) DEFAULT NULL,
  `email` varchar(50) DEFAULT NULL,
  `url` varchar(100) DEFAULT NULL,
  `date_publish` datetime(6) NOT NULL,
  `article_id` int(11) DEFAULT NULL,
  `pid_id` int(11) DEFAULT NULL,
  `user_id` int(11) DEFAULT NULL,
  PRIMARY KEY (`id`),
  KEY `blog_comment_article_id_484cf50b_fk_blog_article_id` (`article_id`),
  KEY `blog_comment_pid_id_36aa5e28_fk_blog_comment_id` (`pid_id`),
  KEY `blog_comment_user_id_47f3b573_fk_blog_user_id` (`user_id`),
  CONSTRAINT `blog_comment_article_id_484cf50b_fk_blog_article_id` FOREIGN KEY (`article_id`) REFERENCES `blog_article` (`id`),
  CONSTRAINT `blog_comment_pid_id_36aa5e28_fk_blog_comment_id` FOREIGN KEY (`pid_id`) REFERENCES `blog_comment` (`id`),
  CONSTRAINT `blog_comment_user_id_47f3b573_fk_blog_user_id` FOREIGN KEY (`user_id`) REFERENCES `blog_user` (`id`)
) ENGINE=InnoDB AUTO_INCREMENT=22 DEFAULT CHARSET=utf8;

-- ----------------------------
--  Table structure for `blog_links`
-- ----------------------------
DROP TABLE IF EXISTS `blog_links`;
CREATE TABLE `blog_links` (
  `id` int(11) NOT NULL AUTO_INCREMENT,
  `title` varchar(50) NOT NULL,
  `description` varchar(200) NOT NULL,
  `callback_url` varchar(200) NOT NULL,
  `date_publish` datetime(6) NOT NULL,
  `index` int(11) NOT NULL,
  PRIMARY KEY (`id`)
) ENGINE=InnoDB AUTO_INCREMENT=5 DEFAULT CHARSET=utf8;

-- ----------------------------
--  Table structure for `blog_tag`
-- ----------------------------
DROP TABLE IF EXISTS `blog_tag`;
CREATE TABLE `blog_tag` (
  `id` int(11) NOT NULL AUTO_INCREMENT,
  `name` varchar(30) NOT NULL,
  PRIMARY KEY (`id`)
) ENGINE=InnoDB AUTO_INCREMENT=18 DEFAULT CHARSET=utf8;

-- ----------------------------
--  Table structure for `blog_user`
-- ----------------------------
DROP TABLE IF EXISTS `blog_user`;
CREATE TABLE `blog_user` (
  `id` int(11) NOT NULL AUTO_INCREMENT,
  `password` varchar(128) NOT NULL,
  `last_login` datetime(6) DEFAULT NULL,
  `is_superuser` tinyint(1) NOT NULL,
  `username` varchar(30) NOT NULL,
  `first_name` varchar(30) NOT NULL,
  `last_name` varchar(30) NOT NULL,
  `email` varchar(254) NOT NULL,
  `is_staff` tinyint(1) NOT NULL,
  `is_active` tinyint(1) NOT NULL,
  `date_joined` datetime(6) NOT NULL,
  `avatar` varchar(200),
  `qq` varchar(20) DEFAULT NULL,
  `mobile` varchar(11) DEFAULT NULL,
  `url` varchar(100) DEFAULT NULL,
  PRIMARY KEY (`id`),
  UNIQUE KEY `username` (`username`),
  UNIQUE KEY `mobile` (`mobile`)
) ENGINE=InnoDB AUTO_INCREMENT=14 DEFAULT CHARSET=utf8;

-- ----------------------------
--  Table structure for `blog_user_groups`
-- ----------------------------
DROP TABLE IF EXISTS `blog_user_groups`;
CREATE TABLE `blog_user_groups` (
  `id` int(11) NOT NULL AUTO_INCREMENT,
  `user_id` int(11) NOT NULL,
  `group_id` int(11) NOT NULL,
  PRIMARY KEY (`id`),
  UNIQUE KEY `user_id` (`user_id`,`group_id`),
  KEY `blog_user_groups_group_id_17533145_fk_auth_group_id` (`group_id`),
  CONSTRAINT `blog_user_groups_group_id_17533145_fk_auth_group_id` FOREIGN KEY (`group_id`) REFERENCES `auth_group` (`id`),
  CONSTRAINT `blog_user_groups_user_id_3a8a3282_fk_blog_user_id` FOREIGN KEY (`user_id`) REFERENCES `blog_user` (`id`)
) ENGINE=InnoDB DEFAULT CHARSET=utf8;

-- ----------------------------
--  Table structure for `blog_user_user_permissions`
-- ----------------------------
DROP TABLE IF EXISTS `blog_user_user_permissions`;
CREATE TABLE `blog_user_user_permissions` (
  `id` int(11) NOT NULL AUTO_INCREMENT,
  `user_id` int(11) NOT NULL,
  `permission_id` int(11) NOT NULL,
  PRIMARY KEY (`id`),
  UNIQUE KEY `user_id` (`user_id`,`permission_id`),
  KEY `blog_user_user_permi_permission_id_7c26d92_fk_auth_permission_id` (`permission_id`),
  CONSTRAINT `blog_user_user_permi_permission_id_7c26d92_fk_auth_permission_id` FOREIGN KEY (`permission_id`) REFERENCES `auth_permission` (`id`),
  CONSTRAINT `blog_user_user_permissions_user_id_528ed84c_fk_blog_user_id` FOREIGN KEY (`user_id`) REFERENCES `blog_user` (`id`)
) ENGINE=InnoDB DEFAULT CHARSET=utf8;

-- ----------------------------
--  Table structure for `django_admin_log`
-- ----------------------------
DROP TABLE IF EXISTS `django_admin_log`;
CREATE TABLE `django_admin_log` (
  `id` int(11) NOT NULL AUTO_INCREMENT,
  `action_time` datetime(6) NOT NULL,
  `object_id` longtext,
  `object_repr` varchar(200) NOT NULL,
  `action_flag` smallint(5) unsigned NOT NULL,
  `change_message` longtext NOT NULL,
  `content_type_id` int(11) DEFAULT NULL,
  `user_id` int(11) NOT NULL,
  PRIMARY KEY (`id`),
  KEY `django_admin__content_type_id_5151027a_fk_django_content_type_id` (`content_type_id`),
  KEY `django_admin_log_user_id_1c5f563_fk_blog_user_id` (`user_id`),
  CONSTRAINT `django_admin__content_type_id_5151027a_fk_django_content_type_id` FOREIGN KEY (`content_type_id`) REFERENCES `django_content_type` (`id`),
  CONSTRAINT `django_admin_log_user_id_1c5f563_fk_blog_user_id` FOREIGN KEY (`user_id`) REFERENCES `blog_user` (`id`)
) ENGINE=InnoDB AUTO_INCREMENT=96 DEFAULT CHARSET=utf8;

-- ----------------------------
--  Table structure for `django_content_type`
-- ----------------------------
DROP TABLE IF EXISTS `django_content_type`;
CREATE TABLE `django_content_type` (
  `id` int(11) NOT NULL AUTO_INCREMENT,
  `app_label` varchar(100) NOT NULL,
  `model` varchar(100) NOT NULL,
  PRIMARY KEY (`id`),
  UNIQUE KEY `django_content_type_app_label_3ec8c61c_uniq` (`app_label`,`model`)
) ENGINE=InnoDB AUTO_INCREMENT=13 DEFAULT CHARSET=utf8;

-- ----------------------------
--  Table structure for `django_migrations`
-- ----------------------------
DROP TABLE IF EXISTS `django_migrations`;
CREATE TABLE `django_migrations` (
  `id` int(11) NOT NULL AUTO_INCREMENT,
  `app` varchar(255) NOT NULL,
  `name` varchar(255) NOT NULL,
  `applied` datetime(6) NOT NULL,
  PRIMARY KEY (`id`)
) ENGINE=InnoDB AUTO_INCREMENT=24 DEFAULT CHARSET=utf8;

-- ----------------------------
--  Table structure for `django_session`
-- ----------------------------
DROP TABLE IF EXISTS `django_session`;
CREATE TABLE `django_session` (
  `session_key` varchar(40) NOT NULL,
  `session_data` longtext NOT NULL,
  `expire_date` datetime(6) NOT NULL,
  PRIMARY KEY (`session_key`),
  KEY `django_session_de54fa62` (`expire_date`)
) ENGINE=InnoDB DEFAULT CHARSET=utf8;

-- ----------------------------
--  Records 
-- ----------------------------
INSERT INTO `auth_permission` VALUES ('1','Can add log entry','1','add_logentry'), ('2','Can change log entry','1','change_logentry'), ('3','Can delete log entry','1','delete_logentry'), ('4','Can add permission','2','add_permission'), ('5','Can change permission','2','change_permission'), ('6','Can delete permission','2','delete_permission'), ('7','Can add group','3','add_group'), ('8','Can change group','3','change_group'), ('9','Can delete group','3','delete_group'), ('10','Can add content type','4','add_contenttype'), ('11','Can change content type','4','change_contenttype'), ('12','Can delete content type','4','delete_contenttype'), ('13','Can add session','5','add_session'), ('14','Can change session','5','change_session'), ('15','Can delete session','5','delete_session'), ('16','Can add 用户','6','add_user'), ('17','Can change 用户','6','change_user'), ('18','Can delete 用户','6','delete_user'), ('19','Can add 标签','7','add_tag'), ('20','Can change 标签','7','change_tag'), ('21','Can delete 标签','7','delete_tag'), ('22','Can add 分类','8','add_category'), ('23','Can change 分类','8','change_category'), ('24','Can delete 分类','8','delete_category'), ('25','Can add 文章','9','add_article'), ('26','Can change 文章','9','change_article'), ('27','Can delete 文章','9','delete_article'), ('28','Can add 评论','10','add_comment'), ('29','Can change 评论','10','change_comment'), ('30','Can delete 评论','10','delete_comment'), ('31','Can add 友情链接','11','add_links'), ('32','Can change 友情链接','11','change_links'), ('33','Can delete 友情链接','11','delete_links'), ('34','Can add 广告','12','add_ad'), ('35','Can change 广告','12','change_ad'), ('36','Can delete 广告','12','delete_ad');
INSERT INTO `blog_article` VALUES ('1','慕冬的第一篇测试文章','请关注我','打算发生的爱迪生爱迪生<img src=\"/uploads/kindeditor/2016/1/5ee1d7e1-c438-11e5-aa7e-005056c00008.jpg\" alt=\"\" height=\"353\" width=\"416\" />','','article/2016/01/logo.png','123','12','0','2016-01-26 22:23:33.000000',NULL,'1'), ('2','第二个文章','','<p>\r\n	打算发的是dsaf<img src=\"/uploads/kindeditor/2016/1/41c76f2e-c438-11e5-9861-005056c00008.png\" alt=\"\" />卡到死减肥了卡到死减肥了卡到死减肥了卡到死叫了发卡机的是那圣诞节领峰卡到死叫了可风刀霜剑了饭卡时间到了阿是看得见付了款奥德赛交房了可及但是了饭卡时间到了封口胶撒旦领峰卡死了端口家乐是疯狂地嘉定塑料壳加适量\r\n</p>\r\n<p>\r\n	<span>打算发的是dsaf</span><img src=\"http://127.0.0.1:8000/uploads/kindeditor/2016/1/41c76f2e-c438-11e5-9861-005056c00008.png\" alt=\"\" /><span>卡到死减肥了卡到死减肥了卡到死减肥了卡到死叫了发卡机的是那圣诞节领峰卡到死叫了可风刀霜剑了饭卡时间到了阿是看得见付了款奥德赛交房了可及但是了饭卡时间到了封口胶撒旦领峰卡死了端口家乐是疯狂地嘉定塑料壳加适量&nbsp;</span>\r\n</p>\r\n<p>\r\n	<span>打算发的是dsaf</span><img src=\"http://127.0.0.1:8000/uploads/kindeditor/2016/1/41c76f2e-c438-11e5-9861-005056c00008.png\" alt=\"\" /><span>卡到死减肥了卡到死减肥了卡到死减肥了卡到死叫了发卡机的是那圣诞节领峰卡到死叫了可风刀霜剑了饭卡时间到了阿是看得见付了款奥德赛交房了可及但是了饭卡时间到了封口胶撒旦领峰卡死了端口家乐是疯狂地嘉定塑料壳加适量&nbsp;</span>\r\n</p>\r\n<p>\r\n	<span>打算发的是dsaf</span><img src=\"http://127.0.0.1:8000/uploads/kindeditor/2016/1/41c76f2e-c438-11e5-9861-005056c00008.png\" alt=\"\" /><span>卡到死减肥了卡到死减肥了卡到死减肥了卡到死叫了发卡机的是那圣诞节领峰卡到死叫了可风刀霜剑了饭卡时间到了阿是看得见付了款奥德赛交房了可及但是了饭卡时间到了封口胶撒旦领峰卡死了端口家乐是疯狂地嘉定塑料壳加适量&nbsp;</span><span>打算发的是dsaf</span><img src=\"http://127.0.0.1:8000/uploads/kindeditor/2016/1/41c76f2e-c438-11e5-9861-005056c00008.png\" alt=\"\" /><span>卡到死减肥了卡到死减肥了卡到死减肥了卡到死叫了发卡机的是那圣诞节领峰卡到死叫了可风刀霜剑了饭卡时间到了阿是看得见付了款奥德赛交房了可及但是了饭卡时间到了封口胶撒旦领峰卡死了端口家乐是疯狂地嘉定塑料壳加适量&nbsp;</span>\r\n</p>\r\n<p>\r\n	<span>打算发的是dsaf</span><img src=\"http://127.0.0.1:8000/uploads/kindeditor/2016/1/41c76f2e-c438-11e5-9861-005056c00008.png\" alt=\"\" /><span>卡到死减肥了卡到死减肥了卡到死减肥了卡到死叫了发卡机的是那圣诞节领峰卡到死叫了可风刀霜剑了饭卡时间到了阿是看得见付了款奥德赛交房了可及但是了饭卡时间到了封口胶撒旦领峰卡死了端口家乐是疯狂地嘉定塑料壳加适量&nbsp;</span>\r\n</p>','','article/default.jpg','21','213','0','2016-01-26 21:28:43.000000','1','1'), ('3','假如我们想用逗号将这些元素连接起来：','母东你好啊母东你好啊母东你好啊母东你好啊母东你好啊母东你好啊母东你好啊母东你好啊母东你好啊母东你好啊','大幅度是','','article/default.jpg','12','21','0','2016-01-26 07:08:18.734000','1','1'), ('4','倒萨','母东你好啊母东你好啊母东你好啊母东你好啊母东你好啊母东你好啊母东你好啊母东你好啊母东你好啊母东你好啊','dsaf','','article/default.jpg','21','123','1','2016-01-26 07:34:08.000000','1','1'), ('5','倒萨大师傅阿斯顿','倒萨','打算','','article/default.jpg','213','213','0','2016-01-26 08:04:41.898000','1','1'), ('6','打算发松岛枫阿斯顿发送到','12312','大师傅','','article/default.jpg','213','213','0','2016-01-26 16:20:25.000000','1','1'), ('7','django测试文章','django测试文章django测试文章django测试文章django测试文章django测试文章django测试文章django测试文章django测试文章django测试文章django测试文章django测试文章django测试文章django测试文章django测试文章django测试文章django测试文章django测试文章django测试文章django测试文章django测试文章django测试文章django测试文章django测试文章django测试文章django测试文章django测试文章django测试文章django测试文章django测试文章django测试文章django测试文章django测试文章django测试文章','<p>\r\n	萨芬的喀纳斯的房间啊 爱尚地方啊\r\n</p>\r\n<p>\r\n	<img src=\"/uploads/kindeditor/2016/1/9638c61e-c4c6-11e5-9581-005056c00008.jpg\" alt=\"\" />\r\n</p>','','article/2016/01/img.jpg','3','32','1','2016-01-27 15:20:58.000000','1','1'), ('8','django安装','django安装django安装django安装django安装','打算发的是费大神奥迪','','article/2016/01/img_G9Oytc3.jpg','213','312','0','2016-01-27 15:24:16.000000','1','1'), ('9','web相关测试文章','web相关测试文章','<p>\r\n	大法师的发送到发多少发送到发多少爱迪生爱迪生大法师的发送到发多少发送到发多少爱迪生爱迪生大法师的发送到发多少发送到发多少爱迪生爱迪生大法师的发送到发多少发送到发多少爱迪生爱迪生大法师的发送到发多少发送到发多少爱迪生爱迪生大法师的发送到发多少发送到发多少爱迪生爱迪生大法师的发送到发多少发送到发多少爱迪生爱迪生大法师的发送到发多少发送到发多少爱迪生爱迪生大法师的发送到发多少发送到发多少爱迪生爱迪生大法师的发送到发多少发送到发多少爱迪生爱迪生大法师的发送到发多少发送到发多少爱迪生爱迪生\r\n</p>\r\n<p>\r\n	大法师的发送到发多少发送到发多少爱迪生爱迪生\r\n</p>\r\n<p>\r\n	大法师的发送到发多少发送到发多少爱迪生爱迪生大法师的发送到发多少发送到发多少爱迪生爱迪生大法师的发送到发多少发送到发多少爱迪生爱迪生大法师的发送到发多少发送到发多少爱迪生爱迪生大法师的发送到发多少发送到发多少爱迪生爱迪生\r\n</p>','http://www.baidu.com','article/2016/02/img.jpg','21','2','1','2016-02-15 17:21:40.000000','2','1'), ('10','web相关测试文章（2）','web相关测试文章（2）','<p>\r\n	web相关测试文章（2）web相关测试文章（2）web相关测试文章（2）web相关测试文章（2）web相关测试文章（2）web相关测试文章（2）web相关测试文章（2）web相关测试文章（2）web相关测试文章（2）web相关测试文章（2）web相关测试文章（2）\r\n</p>\r\n<p>\r\n	web相关测试文章（2）web相关测试文章（2）web相关测试文章（2）web相关测试文章（2）web相关测试文章（2）web相关测试文章（2）web相关测试文章（2）web相关测试文章（2）web相关测试文章（2）web相关测试文章（2）web相关测试文章（2）web相关测试文章（2）web相关测试文章（2）web相关测试文章（2）web相关测试文章（2）web相关测试文章（2）web相关测试文章（2）web相关测试文章（2）web相关测试文章（2）web相关测试文章（2）web相关测试文章（2）web相关测试文章（2）web相关测试文章（2）web相关测试文章（2）web相关测试文章（2）web相关测试文章（2）web相关测试文章（2）web相关测试文章（2）web相关测试文章（2）web相关测试文章（2）web相关测试文章（2）web相关测试文章（2）web相关测试文章（2）web相关测试文章（2）web相关测试文章（2）web相关测试文章（2）web相关测试文章（2）web相关测试文章（2）web相关测试文章（2）web相关测试文章（2）web相关测试文章（2）web相关测试文章（2）web相关测试文章（2）web相关测试文章（2）web相关测试文章（2）web相关测试文章（2）web相关测试文章（2）web相关测试文章（2）web相关测试文章（2）web相关测试文章（2）\r\n</p>','','article/2016/02/jichubiancheng.png','0','0','0','2016-02-16 10:08:08.000000','2','1'), ('11','web相关测试文章（3）','web相关测试文章（3）','<p>\r\n	web相关测试文章（3）web相关测试文章（3）web相关测试文章（3）web相关测试文章（3）web相关测试文章（3）web相关测试文章（3）web相关测试文章（3）web相关测试文章（3）web相关测试文章（3）web相关测试文章（3）web相关测试文章（3）web相关测试文章（3）web相关测试文章（3）\r\n</p>\r\n<p>\r\n	web相关测试文章（3）web相关测试文章（3）web相关测试文章（3）web相关测试文章（3）web相关测试文章（3）web相关测试文章（3）web相关测试文章（3）web相关测试文章（3）\r\n</p>','','article/2016/02/hexinbiancheng.png','0','0','0','2016-02-16 10:09:03.000000','2','1'), ('12','web相关测试文章（4）','web相关测试文章（4）','web相关测试文章（4）web相关测试文章（4）web相关测试文章（4）web相关测试文章（4）web相关测试文章（4）web相关测试文章（4）web相关测试文章（4）web相关测试文章（4）web相关测试文章（4）web相关测试文章（4）web相关测试文章（4）web相关测试文章（4）web相关测试文章（4）web相关测试文章（4）web相关测试文章（4）web相关测试文章（4）web相关测试文章（4）web相关测试文章（4）web相关测试文章（4）web相关测试文章（4）web相关测试文章（4）web相关测试文章（4）web相关测试文章（4）web相关测试文章（4）web相关测试文章（4）web相关测试文章（4）web相关测试文章（4）web相关测试文章（4）牛逼','','article/2016/02/jichubiancheng_7wAeFHl.png','0','0','1','2016-02-16 10:11:28.000000','2','1');
INSERT INTO `blog_article_tag` VALUES ('46','1','1'), ('47','2','1'), ('48','2','2'), ('49','2','3'), ('6','3','1'), ('19','4','1'), ('25','5','1'), ('28','6','1'), ('40','7','2'), ('41','8','2'), ('58','9','1'), ('59','9','2'), ('60','10','1'), ('61','10','2'), ('65','11','1'), ('66','11','2'), ('68','12','2');
INSERT INTO `blog_category` VALUES ('1','django','6'), ('2','web相关','2'), ('3','IT资讯','5'), ('4','心情笔记','7'), ('5','给我留言','99'), ('6','python','3');
INSERT INTO `blog_comment` VALUES ('1','大是大非','mudong','','','2016-01-27 00:11:39.000000','2',NULL,'1'), ('2','谢谢你的评论哈','','','','2016-01-27 17:18:09.000000','2','1','1'), ('3','写的不错哟','马杰','mudong@qq.com','http://www.baidu.com','2016-01-27 22:45:08.218000','2',NULL,NULL), ('4','非常不错','mudong1992','471166308@qq.com','','2016-01-27 22:51:19.387000','2',NULL,'1'), ('5','dsfa','sad','wwww@qq.com','','2016-01-28 13:38:21.758000','2',NULL,NULL), ('6','写的不错哟','运维@Ivan','123@qq.com','http://www.baidu.com','2016-01-28 18:16:46.671000','2',NULL,'1'), ('7','dsaf','硕大的','www@qq.com','','2016-01-28 19:41:20.700000','2',NULL,'1'), ('8','d','w','www@qq.com','','2016-01-29 21:37:36.821000','2',NULL,NULL), ('9','dsa','dsa@','123@qq.com','','2016-01-29 21:45:50.524000','2',NULL,NULL), ('10','jlkjlj','jdlkasj','www@qq.com','','2016-01-30 19:23:23.261000','2',NULL,NULL), ('11','写的不错哟','母东','www@qq.com','','2016-01-30 19:39:36.708000','8',NULL,NULL), ('12','写的不错','mudong1991','471166308@qq.com','','2016-01-30 22:42:09.901000','2',NULL,'1'), ('13','非常不错','母东','www@qq.com','','2016-01-30 23:58:51.446000','3',NULL,NULL), ('19','年后','苹果亨','sad@qq.com','http://www.baidu.com','2016-01-31 17:39:08.139000','2',NULL,'12'), ('20','撒','的撒','sad@qq.com','http://www.baidu.com','2016-01-31 17:40:09.182000','2',NULL,'12'), ('21',' 不错哦','mudong1991','471166308@qq.com','','2016-02-16 14:35:10.834000','10',NULL,'1');
INSERT INTO `blog_links` VALUES ('1','python圈','python圈','http://www.baidu.com','2016-02-16 14:25:18.000000','1'), ('2','运维@血中汗','运维@血中汗的友情链接','http://www.baidu.com','2016-02-16 14:26:01.000000','2'), ('3','web部落','web部落','http://www.baidu.com','2016-02-16 14:27:04.000000','3'), ('4','马哥linux','马哥linux','http://www.baidu.com','2016-02-16 14:27:31.000000','4');
INSERT INTO `blog_tag` VALUES ('1','python'), ('2','django'), ('3','linux'), ('4','mysql'), ('5','html'), ('6','jquery'), ('7','js'), ('8','css3'), ('9','html5'), ('10','hadoop'), ('11','mongodb'), ('12','Nosql'), ('13','hive'), ('14','ruby'), ('15','PHP'), ('16','java'), ('17','nginx');
INSERT INTO `blog_user` VALUES ('1','pbkdf2_sha256$20000$sSBuS9juHLIE$qfBBf5kYoTy+ChPDKbIGolQpQ5AD33ciwvAIVdjUPiY=','2016-02-15 17:13:22.428000','1','mudong1991','','','471166308@qq.com','1','1','2016-01-26 06:26:11.175000','avatar/default.jpg',NULL,NULL,NULL), ('12','pbkdf2_sha256$20000$tmj7Bf0yd0A9$nXTKLnRkJB/vPsKZcC/JukxfmT6tCdq44NOgDN6SHwo=','2016-01-31 17:38:38.943000','0','苹果亨','','','sad@qq.com','0','1','2016-01-31 17:38:38.716000','avatar/2016/01/img.jpg',NULL,NULL,'http://www.baidu.com'), ('13','pbkdf2_sha256$20000$etZVmjEU03GB$aPK76HTaV29+24dFpPY/SM2R/Crc7IvmDWxsWsL4KFM=','2016-02-15 17:09:07.177000','0','dengqiu','','','kjlkasd@qq.com','1','1','2016-02-15 17:08:16.566000','',NULL,NULL,'http://www.baidu.com');
INSERT INTO `django_admin_log` VALUES ('1','2016-01-26 06:32:39.540000','1','python','1','','7','1'), ('2','2016-01-26 06:32:41.406000','1','慕冬的第一篇测试文章','1','','9','1'), ('3','2016-01-26 06:33:28.768000','1','慕冬的第一篇测试文章','2','已修改 portal 。','9','1'), ('4','2016-01-26 07:01:34.330000','1','慕冬的第一篇测试文章','2','没有字段被修改。','9','1'), ('5','2016-01-26 07:01:48.356000','1','慕冬的第一篇测试文章','2','已修改 click_count 。','9','1'), ('6','2016-01-26 07:04:22.951000','1','django','1','','8','1'), ('7','2016-01-26 07:04:50.137000','2','第二个文章','1','','9','1'), ('8','2016-01-26 07:05:33.886000','2','第二个文章','2','已修改 content 。','9','1'), ('9','2016-01-26 07:08:18.747000','3','假如我们想用逗号将这些元素连接起来：','1','','9','1'), ('10','2016-01-26 07:11:10.522000','4','倒萨','1','','9','1'), ('11','2016-01-26 07:12:05.448000','4','倒萨','2','没有字段被修改。','9','1'), ('12','2016-01-26 07:16:12.133000','4','倒萨','2','已修改 date_publish 。','9','1'), ('13','2016-01-26 07:16:24.439000','1','慕冬的第一篇测试文章','2','已修改 date_publish 。','9','1'), ('14','2016-01-26 07:17:21.214000','1','慕冬的第一篇测试文章','2','已修改 date_publish 。','9','1'), ('15','2016-01-26 07:17:33.370000','1','慕冬的第一篇测试文章','2','已修改 date_publish 。','9','1'), ('16','2016-01-26 07:18:04.109000','1','慕冬的第一篇测试文章','2','已修改 date_publish 。','9','1'), ('17','2016-01-26 07:18:47.620000','1','慕冬的第一篇测试文章','2','没有字段被修改。','9','1'), ('18','2016-01-26 07:19:42.585000','1','慕冬的第一篇测试文章','2','已修改 date_publish 。','9','1'), ('19','2016-01-26 07:20:00.535000','1','慕冬的第一篇测试文章','2','已修改 date_publish 。','9','1'), ('20','2016-01-26 07:20:22.949000','1','慕冬的第一篇测试文章','2','已修改 date_publish 。','9','1'), ('21','2016-01-26 07:29:16.926000','4','倒萨','2','已修改 date_publish 。','9','1'), ('22','2016-01-26 07:34:09.667000','4','倒萨','2','已修改 date_publish 。','9','1'), ('23','2016-01-26 07:44:10.664000','1','慕冬的第一篇测试文章','2','已修改 date_publish 。','9','1'), ('24','2016-01-26 07:51:14.710000','1','慕冬的第一篇测试文章','2','已修改 date_publish 。','9','1'), ('25','2016-01-26 07:58:17.465000','2','第二个文章','2','没有字段被修改。','9','1'), ('26','2016-01-26 08:04:19.341000','1','慕冬的第一篇测试文章','2','没有字段被修改。','9','1'), ('27','2016-01-26 08:04:41.909000','5','倒萨大师傅阿斯顿','1','','9','1'), ('28','2016-01-26 08:07:26.971000','5','倒萨大师傅阿斯顿','2','没有字段被修改。','9','1'), ('29','2016-01-26 08:07:51.862000','6','打算发松岛枫阿斯顿发送到','1','','9','1'), ('30','2016-01-26 16:12:04.842000','6','打算发松岛枫阿斯顿发送到','2','没有字段被修改。','9','1'), ('31','2016-01-26 16:20:27.364000','6','打算发松岛枫阿斯顿发送到','2','已修改 date_publish 。','9','1'), ('32','2016-01-26 21:28:46.639000','2','第二个文章','2','已修改 date_publish 。','9','1'), ('33','2016-01-26 22:22:58.924000','2','第二个文章','2','已修改 content 。','9','1'), ('34','2016-01-26 22:23:35.693000','1','慕冬的第一篇测试文章','2','已修改 content 和 date_publish 。','9','1'), ('35','2016-01-26 23:06:03.858000','2','第二个文章','2','已修改 desc 。','9','1'), ('36','2016-01-26 23:12:23.451000','2','django','1','','7','1'), ('37','2016-01-26 23:12:30.653000','3','linux','1','','7','1'), ('38','2016-01-26 23:12:32.650000','2','第二个文章','2','已修改 tag 。','9','1'), ('39','2016-01-26 23:21:40.145000','2','第二个文章','2','已修改 content 。','9','1'), ('40','2016-01-27 00:11:54.463000','1','1','1','','10','1'), ('41','2016-01-27 00:40:27.798000','1','慕冬的第一篇测试文章','2','没有字段被修改。','9','1'), ('42','2016-01-27 15:22:23.005000','7','django测试文章','1','','9','1'), ('43','2016-01-27 15:24:50.768000','8','django安装','1','','9','1'), ('44','2016-01-27 15:44:15.699000','1','慕冬的第一篇测试文章','2','已修改 content 。','9','1'), ('45','2016-01-27 15:46:39.667000','1','慕冬的第一篇测试文章','2','没有字段被修改。','9','1'), ('46','2016-01-27 15:49:07.247000','1','慕冬的第一篇测试文章','2','已修改 content 。','9','1'), ('47','2016-01-27 15:51:22.694000','1','慕冬的第一篇测试文章','2','已修改 content 。','9','1'), ('48','2016-01-27 15:52:03.268000','1','慕冬的第一篇测试文章','2','已修改 content 。','9','1'), ('49','2016-01-27 17:18:17.038000','2','2','1','','10','1'), ('50','2016-01-27 17:32:43.711000','2','2','2','已修改 username 。','10','1'), ('51','2016-01-27 17:34:30.601000','2','2','2','已修改 username 。','10','1'), ('52','2016-01-27 22:50:30.637000','2','第二个文章','2','已修改 content 。','9','1'), ('53','2016-02-07 14:56:48.721000','2','web相关','1','','8','1'), ('54','2016-02-07 14:57:19.126000','3','IT资讯','1','','8','1'), ('55','2016-02-07 14:57:42.334000','4','心情笔记','1','','8','1'), ('56','2016-02-07 14:58:14.585000','3','IT资讯','2','已修改 index 。','8','1'), ('57','2016-02-07 14:58:24.965000','3','IT资讯','2','已修改 index 。','8','1'), ('58','2016-02-07 14:58:40.532000','1','django','2','已修改 index 。','8','1'), ('59','2016-02-07 14:58:46.842000','4','心情笔记','2','已修改 index 。','8','1'), ('60','2016-02-07 14:59:08.494000','5','给我留言','1','','8','1'), ('61','2016-02-07 16:26:10.151000','6','python','1','','8','1'), ('62','2016-02-15 17:23:44.877000','9','web相关测试文章','1','','9','1'), ('63','2016-02-15 17:24:37.318000','9','web相关测试文章','2','没有字段被修改。','9','1'), ('64','2016-02-16 08:28:23.582000','9','web相关测试文章','2','已修改 portal 。','9','1'), ('65','2016-02-16 08:37:23.770000','9','web相关测试文章','2','已修改 portal 。','9','1'), ('66','2016-02-16 08:41:26.999000','9','web相关测试文章','2','已修改 portal 。','9','1'), ('67','2016-02-16 08:45:21.602000','11','f','3','','6','1'), ('68','2016-02-16 08:45:21.615000','10','e','3','','6','1'), ('69','2016-02-16 08:45:21.626000','9','d','3','','6','1'), ('70','2016-02-16 08:45:21.709000','8','c','3','','6','1'), ('71','2016-02-16 08:45:21.718000','7','b','3','','6','1'), ('72','2016-02-16 10:09:02.801000','10','web相关测试文章（2）','1','','9','1'), ('73','2016-02-16 10:11:23.835000','11','web相关测试文章（3）','1','','9','1'), ('74','2016-02-16 10:11:52.606000','12','web相关测试文章（4）','1','','9','1'), ('75','2016-02-16 10:18:21.185000','11','web相关测试文章（3）','2','已修改 category 。','9','1'), ('76','2016-02-16 13:53:03.087000','4','mysql','1','','7','1'), ('77','2016-02-16 13:54:43.024000','5','html','1','','7','1'), ('78','2016-02-16 13:54:51.920000','6','jquery','1','','7','1'), ('79','2016-02-16 13:54:56.965000','7','js','1','','7','1'), ('80','2016-02-16 13:55:09.383000','8','css3','1','','7','1'), ('81','2016-02-16 13:55:17.303000','9','html5','1','','7','1'), ('82','2016-02-16 14:00:21.261000','10','hadoop','1','','7','1'), ('83','2016-02-16 14:00:28.305000','11','mongodb','1','','7','1'), ('84','2016-02-16 14:00:34.546000','12','Nosql','1','','7','1'), ('85','2016-02-16 14:00:46.727000','13','hive','1','','7','1'), ('86','2016-02-16 14:00:51.183000','14','ruby','1','','7','1'), ('87','2016-02-16 14:00:56.685000','15','PHP','1','','7','1'), ('88','2016-02-16 14:01:01.208000','16','java','1','','7','1'), ('89','2016-02-16 14:01:52.339000','17','nginx','1','','7','1'), ('90','2016-02-16 14:26:01.795000','1','python圈','1','','11','1'), ('91','2016-02-16 14:27:03.968000','2','运维@血中汗','1','','11','1'), ('92','2016-02-16 14:27:31.243000','3','web部落','1','','11','1'), ('93','2016-02-16 14:27:56.564000','4','马哥linux','1','','11','1'), ('94','2016-02-16 14:39:33.222000','12','web相关测试文章（4）','2','已修改 is_recommed 。','9','1'), ('95','2016-02-16 18:38:37.107000','12','web相关测试文章（4）','2','已修改 content 。','9','1');
INSERT INTO `django_content_type` VALUES ('1','admin','logentry'), ('3','auth','group'), ('2','auth','permission'), ('12','blog','ad'), ('9','blog','article'), ('8','blog','category'), ('10','blog','comment'), ('11','blog','links'), ('7','blog','tag'), ('6','blog','user'), ('4','contenttypes','contenttype'), ('5','sessions','session');
INSERT INTO `django_migrations` VALUES ('1','contenttypes','0001_initial','2016-01-26 06:19:06.351000'), ('2','contenttypes','0002_remove_content_type_name','2016-01-26 06:19:07.072000'), ('3','auth','0001_initial','2016-01-26 06:19:08.060000'), ('4','auth','0002_alter_permission_name_max_length','2016-01-26 06:19:08.180000'), ('5','auth','0003_alter_user_email_max_length','2016-01-26 06:19:08.205000'), ('6','auth','0004_alter_user_username_opts','2016-01-26 06:19:08.232000'), ('7','auth','0005_alter_user_last_login_null','2016-01-26 06:19:08.261000'), ('8','auth','0006_require_contenttypes_0002','2016-01-26 06:19:08.276000'), ('9','blog','0001_initial','2016-01-26 06:19:12.305000'), ('10','admin','0001_initial','2016-01-26 06:19:12.694000'), ('11','sessions','0001_initial','2016-01-26 06:19:12.854000'), ('12','blog','0002_auto_20160126_1425','2016-01-26 06:25:06.862000'), ('13','blog','0003_auto_20160126_1456','2016-01-26 06:57:06.580000'), ('14','blog','0004_auto_20160126_1509','2016-01-26 07:09:26.489000'), ('15','blog','0005_auto_20160126_1603','2016-01-26 08:03:52.436000'), ('16','blog','0006_auto_20160126_1619','2016-01-26 16:19:38.147000'), ('17','blog','0007_auto_20160126_1622','2016-01-26 16:22:13.344000'), ('18','blog','0008_auto_20160126_2305','2016-01-26 23:06:01.150000'), ('19','blog','0009_auto_20160215_1704','2016-02-15 17:04:42.043000'), ('20','blog','0010_auto_20160215_1816','2016-02-15 18:17:06.748000'), ('21','blog','0011_auto_20160215_1828','2016-02-15 18:28:18.502000'), ('22','blog','0012_auto_20160216_0828','2016-02-16 08:28:14.322000'), ('23','blog','0013_auto_20160216_0840','2016-02-16 08:40:46.462000');
INSERT INTO `django_session` VALUES ('55s0fnrpg3z9ykbmg2togn58iunble0k','MzM4NWU2YWFiNzVkMTc4NzRhNTQxNzQ0MzMzZjdmMTI3NGUyMmZiNzp7Il9hdXRoX3VzZXJfaGFzaCI6ImQxYjgyZmQwM2ZmMGRmNjRmNzc3OGEzYTQ0Y2ViYzM1ZjQyYjY1MzEiLCJfYXV0aF91c2VyX2JhY2tlbmQiOiJkamFuZ28uY29udHJpYi5hdXRoLmJhY2tlbmRzLk1vZGVsQmFja2VuZCIsIl9hdXRoX3VzZXJfaWQiOiIxIn0=','2016-02-14 00:00:33.241000'), ('oxvxd1c2x79674hamq9715mm6f7iagzr','MzM4NWU2YWFiNzVkMTc4NzRhNTQxNzQ0MzMzZjdmMTI3NGUyMmZiNzp7Il9hdXRoX3VzZXJfaGFzaCI6ImQxYjgyZmQwM2ZmMGRmNjRmNzc3OGEzYTQ0Y2ViYzM1ZjQyYjY1MzEiLCJfYXV0aF91c2VyX2JhY2tlbmQiOiJkamFuZ28uY29udHJpYi5hdXRoLmJhY2tlbmRzLk1vZGVsQmFja2VuZCIsIl9hdXRoX3VzZXJfaWQiOiIxIn0=','2016-02-10 22:50:08.910000'), ('qovftyfooa6cg79e9fnba6l3u29qkvbo','MzM4NWU2YWFiNzVkMTc4NzRhNTQxNzQ0MzMzZjdmMTI3NGUyMmZiNzp7Il9hdXRoX3VzZXJfaGFzaCI6ImQxYjgyZmQwM2ZmMGRmNjRmNzc3OGEzYTQ0Y2ViYzM1ZjQyYjY1MzEiLCJfYXV0aF91c2VyX2JhY2tlbmQiOiJkamFuZ28uY29udHJpYi5hdXRoLmJhY2tlbmRzLk1vZGVsQmFja2VuZCIsIl9hdXRoX3VzZXJfaWQiOiIxIn0=','2016-02-29 17:13:22.446000'), ('rt08zty3g181kwq8ayt0oj7pmhfgy8db','MzM4NWU2YWFiNzVkMTc4NzRhNTQxNzQ0MzMzZjdmMTI3NGUyMmZiNzp7Il9hdXRoX3VzZXJfaGFzaCI6ImQxYjgyZmQwM2ZmMGRmNjRmNzc3OGEzYTQ0Y2ViYzM1ZjQyYjY1MzEiLCJfYXV0aF91c2VyX2JhY2tlbmQiOiJkamFuZ28uY29udHJpYi5hdXRoLmJhY2tlbmRzLk1vZGVsQmFja2VuZCIsIl9hdXRoX3VzZXJfaWQiOiIxIn0=','2016-02-09 06:26:15.092000'), ('wntsaoos3fyq9glicr9z4nj23x37uy2r','NjE3YTk5MTNkZGNjNDkzYTViMjg3NWMwNmJjMzdiYmQyZmMyYmU1Njp7Il9hdXRoX3VzZXJfaGFzaCI6ImYwZWE1YTQ5MGE3NTk3NGJhYTExMjkwZGQwNmM2NmRjMzJlZTkxMTEiLCJfYXV0aF91c2VyX2JhY2tlbmQiOiJkamFuZ28uY29udHJpYi5hdXRoLmJhY2tlbmRzLk1vZGVsQmFja2VuZCIsIl9hdXRoX3VzZXJfaWQiOiI0In0=','2016-02-14 16:07:46.141000'), ('yyl3cvkxntlet5jvim0q1g6qzjeqouyq','MzM4NWU2YWFiNzVkMTc4NzRhNTQxNzQ0MzMzZjdmMTI3NGUyMmZiNzp7Il9hdXRoX3VzZXJfaGFzaCI6ImQxYjgyZmQwM2ZmMGRmNjRmNzc3OGEzYTQ0Y2ViYzM1ZjQyYjY1MzEiLCJfYXV0aF91c2VyX2JhY2tlbmQiOiJkamFuZ28uY29udHJpYi5hdXRoLmJhY2tlbmRzLk1vZGVsQmFja2VuZCIsIl9hdXRoX3VzZXJfaWQiOiIxIn0=','2016-02-21 10:28:43.011000');
